Metric,Value
Total Records,2121.0
Total Sales,741999.7953
Average Sales,349.8348869872702
Maximum Sale,4416.174
Total Profit,18451.272800000006
Average Profit,8.699327109853845
